Model,F1-Score,ROC-AUC,ECE,Specificity,Extreme_Conf
CatBoost,1.0,1.0,0.0007143704535691135,1.0,1.0
GradientBoosting,1.0,1.0,0.0010026594065212682,1.0,1.0
Ensemble,1.0,1.0,0.0008296683227244773,1.0,0.999
RandomForest,0.9987494789495623,0.9999991071428572,0.0006117128120702273,0.9996428571428572,0.9975
KNN,0.9170194750211685,0.9901418154761905,0.03431818181818178,0.9717857142857143,0.7535
LogReg,0.8462664714494875,0.9672854166666667,0.0514655488279142,0.8657142857142858,0.6825
